"interval_name","photic","n","bin","rank","max_ma","mid_ma","min_ma","duration_myr","abbr","colour","font"
"Aalenian","Euphotic",5,60,"international ages",174.7,172.8,170.9,3.79999999999998,"Aa","#9AD9DD","black"
"Aeronian","Blue mesophotic",2,19,"international ages",440.8,439.65,438.5,2.30000000000001,"Ae","#B3E1C2","black"
"Aeronian","Euphotic",10,19,"international ages",440.8,439.65,438.5,2.30000000000001,"Ae","#B3E1C2","black"
"Albian","Brown mesophotic",1,72,"international ages",113,106.75,100.5,12.5,"Al","#CCEA97","black"
"Albian","Euphotic",18,72,"international ages",113,106.75,100.5,12.5,"Al","#CCEA97","black"
"Anisian","Euphotic",3,51,"international ages",247.2,244.6,242,5.19999999999999,"An","#BC75B7","black"
"Aptian","Blue mesophotic",2,71,"international ages",121.4,117.2,113,8.40000000000001,"Ap","#BFE48A","black"
"Aptian","Brown mesophotic",2,71,"international ages",121.4,117.2,113,8.40000000000001,"Ap","#BFE48A","black"
"Aptian","Euphotic",16,71,"international ages",121.4,117.2,113,8.40000000000001,"Ap","#BFE48A","black"
"Aquitanian","Brown mesophotic",8,88,"international ages",23.03,21.735,20.44,2.59,"Aq","#FFFF33","black"
"Aquitanian","Euphotic",21,88,"international ages",23.03,21.735,20.44,2.59,"Aq","#FFFF33","black"
"Artinskian","Euphotic",3,42,"international ages",290.1,286.8,283.5,6.60000000000002,"Ar","#E37B68","black"
"Asselian","Euphotic",3,40,"international ages",298.9,296.21,293.52,5.38,"As","#E36350","black"
"Bajocian","Blue mesophotic",2,61,"international ages",170.9,169.55,168.2,2.70000000000002,"Baj","#A6DDE0","black"
"Bajocian","Brown mesophotic",1,61,"international ages",170.9,169.55,168.2,2.70000000000002,"Baj","#A6DDE0","black"
"Bajocian","Euphotic",22,61,"international ages",170.9,169.55,168.2,2.70000000000002,"Baj","#A6DDE0","black"
"Barremian","Blue mesophotic",1,70,"international ages",125.77,123.585,121.4,4.36999999999999,"Barr","#B3DF7F","black"
"Barremian","Brown mesophotic",1,70,"international ages",125.77,123.585,121.4,4.36999999999999,"Barr","#B3DF7F","black"
"Barremian","Euphotic",13,70,"international ages",125.77,123.585,121.4,4.36999999999999,"Barr","#B3DF7F","black"
"Bartonian","Brown mesophotic",1,84,"international ages",41.2,39.455,37.71,3.49,"Bart","#FDC091","black"
"Bartonian","Euphotic",5,84,"international ages",41.2,39.455,37.71,3.49,"Bart","#FDC091","black"
"Bashkirian","Blue mesophotic",2,36,"international ages",323.2,319.2,315.2,8,"Bas","#99C2B5","black"
"Bashkirian","Euphotic",3,36,"international ages",323.2,319.2,315.2,8,"Bas","#99C2B5","black"
"Bathonian","Blue mesophotic",1,62,"international ages",168.2,166.75,165.3,2.89999999999998,"Bat","#B3E2E3","black"
"Bathonian","Brown mesophotic",1,62,"international ages",168.2,166.75,165.3,2.89999999999998,"Bat","#B3E2E3","black"
"Bathonian","Euphotic",9,62,"international ages",168.2,166.75,165.3,2.89999999999998,"Bat","#B3E2E3","black"
"Berriasian","Blue mesophotic",3,67,"international ages",145,142.4,139.8,5.19999999999999,"Be","#8CCD60","black"
"Berriasian","Brown mesophotic",1,67,"international ages",145,142.4,139.8,5.19999999999999,"Be","#8CCD60","black"
"Berriasian","Euphotic",9,67,"international ages",145,142.4,139.8,5.19999999999999,"Be","#8CCD60","black"
"Burdigalian","Blue mesophotic",1,89,"international ages",20.44,18.21,15.98,4.46,"Bu","#FFFF41","black"
"Burdigalian","Brown mesophotic",14,89,"international ages",20.44,18.21,15.98,4.46,"Bu","#FFFF41","black"
"Burdigalian","Euphotic",22,89,"international ages",20.44,18.21,15.98,4.46,"Bu","#FFFF41","black"
"Callovian","Blue mesophotic",5,63,"international ages",165.3,163.4,161.5,3.80000000000001,"Call","#BFE7E5","black"
"Callovian","Brown mesophotic",1,63,"international ages",165.3,163.4,161.5,3.80000000000001,"Call","#BFE7E5","black"
"Callovian","Euphotic",28,63,"international ages",165.3,163.4,161.5,3.80000000000001,"Call","#BFE7E5","black"
"Campanian","Euphotic",9,77,"international ages",83.6,77.85,72.1,11.5,"Cam","#E6F47F","black"
"Capitanian","Brown mesophotic",1,46,"international ages",264.28,261.895,259.51,4.76999999999998,"Cap","#FB9A85","black"
"Capitanian","Euphotic",2,46,"international ages",264.28,261.895,259.51,4.76999999999998,"Cap","#FB9A85","black"
"Carnian","Blue mesophotic",4,53,"international ages",237,232,227,10,"Car","#C99BCB","black"
"Carnian","Euphotic",16,53,"international ages",237,232,227,10,"Car","#C99BCB","black"
"Cenomanian","Euphotic",10,73,"international ages",100.5,97.2,93.9,6.59999999999999,"Ce","#B3DE53","black"
"Changhsingian","Euphotic",5,48,"international ages",254.14,253.021,251.902,2.238,"Chan","#FCC0B2","black"
"Chattian","Blue mesophotic",1,87,"international ages",27.82,25.425,23.03,4.79,"Chat","#FEE6AA","black"
"Chattian","Brown mesophotic",6,87,"international ages",27.82,25.425,23.03,4.79,"Chat","#FEE6AA","black"
"Chattian","Euphotic",18,87,"international ages",27.82,25.425,23.03,4.79,"Chat","#FEE6AA","black"
"Coniacian","Brown mesophotic",2,75,"international ages",89.8,88.05,86.3,3.5,"Co","#CCE968","black"
"Coniacian","Euphotic",2,75,"international ages",89.8,88.05,86.3,3.5,"Co","#CCE968","black"
"Danian","Brown mesophotic",1,79,"international ages",66,63.8,61.6,4.4,"Dan","#FDB462","black"
"Danian","Euphotic",14,79,"international ages",66,63.8,61.6,4.4,"Dan","#FDB462","black"
"Darriwilian","Brown mesophotic",2,14,"international ages",467.3,462.85,458.4,8.90000000000003,"Dar","#74C69C","black"
"Darriwilian","Euphotic",6,14,"international ages",467.3,462.85,458.4,8.90000000000003,"Dar","#74C69C","black"
"Eifelian","Brown mesophotic",4,29,"international ages",393.3,390.5,387.7,5.60000000000002,"Ei","#F1D576","black"
"Eifelian","Euphotic",28,29,"international ages",393.3,390.5,387.7,5.60000000000002,"Ei","#F1D576","black"
"Emsian","Brown mesophotic",1,28,"international ages",407.6,400.45,393.3,14.3,"Em","#E5D075","black"
"Emsian","Euphotic",22,28,"international ages",407.6,400.45,393.3,14.3,"Em","#E5D075","black"
"Famennian","Euphotic",1,32,"international ages",372.2,365.55,358.9,13.3,"Fa","#F2EDC5","black"
"Frasnian","Blue mesophotic",8,31,"international ages",382.7,377.45,372.2,10.5,"Fr","#F2EDAD","black"
"Frasnian","Brown mesophotic",2,31,"international ages",382.7,377.45,372.2,10.5,"Fr","#F2EDAD","black"
"Frasnian","Euphotic",35,31,"international ages",382.7,377.45,372.2,10.5,"Fr","#F2EDAD","black"
"Givetian","Blue mesophotic",2,30,"international ages",387.7,385.2,382.7,5,"Gi","#F1E185","black"
"Givetian","Brown mesophotic",2,30,"international ages",387.7,385.2,382.7,5,"Gi","#F1E185","black"
"Givetian","Euphotic",51,30,"international ages",387.7,385.2,382.7,5,"Gi","#F1E185","black"
"Gorstian","Brown mesophotic",2,23,"international ages",427.4,426.5,425.6,1.79999999999995,"Go","#CCECDD","black"
"Gorstian","Euphotic",7,23,"international ages",427.4,426.5,425.6,1.79999999999995,"Go","#CCECDD","black"
"Gzhelian","Euphotic",3,39,"international ages",303.7,301.3,298.9,4.80000000000001,"Gz","#CCD4C7","black"
"Hauterivian","Brown mesophotic",5,69,"international ages",132.6,129.185,125.77,6.83,"Ha","#A6D975","black"
"Hauterivian","Euphotic",32,69,"international ages",132.6,129.185,125.77,6.83,"Ha","#A6D975","black"
"Hettangian","Brown mesophotic",1,56,"international ages",201.4,200.45,199.5,1.90000000000001,"He","#4EB3D3","black"
"Hettangian","Euphotic",1,56,"international ages",201.4,200.45,199.5,1.90000000000001,"He","#4EB3D3","black"
"Hirnantian","Euphotic",5,17,"international ages",445.2,444.5,443.8,1.39999999999998,"Hi","#A6DBAB","black"
"Holocene","Blue mesophotic",1,97,"international ages",0.0117,0.00585,0,0.0117,"H","#FEF2E0","black"
"Holocene","Euphotic",2,97,"international ages",0.0117,0.00585,0,0.0117,"H","#FEF2E0","black"
"Homerian","Brown mesophotic",2,22,"international ages",430.5,428.95,427.4,3.10000000000002,"Ho","#CCEBD1","black"
"Homerian","Euphotic",10,22,"international ages",430.5,428.95,427.4,3.10000000000002,"Ho","#CCEBD1","black"
"Kasimovian","Blue mesophotic",1,38,"international ages",307,305.35,303.7,3.30000000000001,"Kas","#BFD0C5","black"
"Kasimovian","Brown mesophotic",1,38,"international ages",307,305.35,303.7,3.30000000000001,"Kas","#BFD0C5","black"
"Katian","Blue mesophotic",1,16,"international ages",453,449.1,445.2,7.80000000000001,"Kat","#99D69F","black"
"Katian","Brown mesophotic",1,16,"international ages",453,449.1,445.2,7.80000000000001,"Kat","#99D69F","black"
"Katian","Euphotic",19,16,"international ages",453,449.1,445.2,7.80000000000001,"Kat","#99D69F","black"
"Kimmeridgian","Blue mesophotic",5,65,"international ages",154.8,152,149.2,5.60000000000002,"Ki","#CCECF4","black"
"Kimmeridgian","Brown mesophotic",6,65,"international ages",154.8,152,149.2,5.60000000000002,"Ki","#CCECF4","black"
"Kimmeridgian","Euphotic",35,65,"international ages",154.8,152,149.2,5.60000000000002,"Ki","#CCECF4","black"
"Ladinian","Blue mesophotic",1,52,"international ages",242,239.5,237,5,"Lad","#C983BF","black"
"Ladinian","Brown mesophotic",1,52,"international ages",242,239.5,237,5,"Lad","#C983BF","black"
"Ladinian","Euphotic",8,52,"international ages",242,239.5,237,5,"Lad","#C983BF","black"
"Langhian","Brown mesophotic",15,90,"international ages",15.98,14.9,13.82,2.16,"Lan","#FFFF4D","black"
"Langhian","Euphotic",22,90,"international ages",15.98,14.9,13.82,2.16,"Lan","#FFFF4D","black"
"Lochkovian","Brown mesophotic",1,26,"international ages",419.2,415,410.8,8.39999999999998,"Lo","#E5B75A","black"
"Lochkovian","Euphotic",9,26,"international ages",419.2,415,410.8,8.39999999999998,"Lo","#E5B75A","black"
"Ludfordian","Blue mesophotic",2,24,"international ages",425.6,424.3,423,2.60000000000002,"Lud","#D9F0DF","black"
"Ludfordian","Euphotic",6,24,"international ages",425.6,424.3,423,2.60000000000002,"Lud","#D9F0DF","black"
"Lutetian","Brown mesophotic",7,83,"international ages",47.8,44.5,41.2,6.59999999999999,"Lut","#FCB482","black"
"Lutetian","Euphotic",6,83,"international ages",47.8,44.5,41.2,6.59999999999999,"Lut","#FCB482","black"
"Maastrichtian","Brown mesophotic",5,78,"international ages",72.1,69.05,66,6.09999999999999,"Ma","#F2FA8C","black"
"Maastrichtian","Euphotic",10,78,"international ages",72.1,69.05,66,6.09999999999999,"Ma","#F2FA8C","black"
"Messinian","Blue mesophotic",1,93,"international ages",7.246,6.2895,5.333,1.913,"Mes","#FFFF73","black"
"Messinian","Brown mesophotic",22,93,"international ages",7.246,6.2895,5.333,1.913,"Mes","#FFFF73","black"
"Messinian","Euphotic",18,93,"international ages",7.246,6.2895,5.333,1.913,"Mes","#FFFF73","black"
"Moscovian","Euphotic",8,37,"international ages",315.2,311.1,307,8.19999999999999,"Mo","#C7CBB9","black"
"Norian","Blue mesophotic",8,54,"international ages",227,217.75,208.5,18.5,"Nori","#D6AAD3","black"
"Norian","Brown mesophotic",5,54,"international ages",227,217.75,208.5,18.5,"Nori","#D6AAD3","black"
"Norian","Euphotic",51,54,"international ages",227,217.75,208.5,18.5,"Nori","#D6AAD3","black"
"Oxfordian","Blue mesophotic",6,64,"international ages",161.5,158.15,154.8,6.69999999999999,"Ox","#BFE7F1","black"
"Oxfordian","Brown mesophotic",8,64,"international ages",161.5,158.15,154.8,6.69999999999999,"Ox","#BFE7F1","black"
"Oxfordian","Euphotic",72,64,"international ages",161.5,158.15,154.8,6.69999999999999,"Ox","#BFE7F1","black"
"Piacenzian","Blue mesophotic",2,95,"international ages",3.6,3.09,2.58,1.02,"Pi","#FFFFBF","black"
"Piacenzian","Brown mesophotic",1,95,"international ages",3.6,3.09,2.58,1.02,"Pi","#FFFFBF","black"
"Piacenzian","Euphotic",13,95,"international ages",3.6,3.09,2.58,1.02,"Pi","#FFFFBF","black"
"Pleistocene","Blue mesophotic",3,96,"international ages",2.58,1.29585,0.0117,2.5683,"Ple","#FFEDB3","black"
"Pleistocene","Brown mesophotic",6,96,"international ages",2.58,1.29585,0.0117,2.5683,"Ple","#FFEDB3","black"
"Pleistocene","Euphotic",83,96,"international ages",2.58,1.29585,0.0117,2.5683,"Ple","#FFEDB3","black"
"Pliensbachian","Blue mesophotic",1,58,"international ages",192.9,188.55,184.2,8.70000000000002,"Pl","#80C5DD","black"
"Pliensbachian","Brown mesophotic",1,58,"international ages",192.9,188.55,184.2,8.70000000000002,"Pl","#80C5DD","black"
"Pliensbachian","Euphotic",14,58,"international ages",192.9,188.55,184.2,8.70000000000002,"Pl","#80C5DD","black"
"Pragian","Brown mesophotic",1,27,"international ages",410.8,409.2,407.6,3.19999999999999,"Pra","#E5C468","black"
"Pragian","Euphotic",5,27,"international ages",410.8,409.2,407.6,3.19999999999999,"Pra","#E5C468","black"
"Priabonian","Brown mesophotic",3,85,"international ages",37.71,35.805,33.9,3.81,"Pria","#FDCDA1","black"
"Priabonian","Euphotic",9,85,"international ages",37.71,35.805,33.9,3.81,"Pria","#FDCDA1","black"
"Pridoli","Brown mesophotic",1,25,"international ages",423,421.1,419.2,3.80000000000001,"Prid","#E6F5E1","black"
"Pridoli","Euphotic",4,25,"international ages",423,421.1,419.2,3.80000000000001,"Prid","#E6F5E1","black"
"Rhaetian","Blue mesophotic",2,55,"international ages",208.5,204.95,201.4,7.09999999999999,"Rha","#E3B9DB","black"
"Rhaetian","Euphotic",22,55,"international ages",208.5,204.95,201.4,7.09999999999999,"Rha","#E3B9DB","black"
"Rhuddanian","Blue mesophotic",2,18,"international ages",443.8,442.3,440.8,3,"Rhu","#A6DCB5","black"
"Rhuddanian","Euphotic",9,18,"international ages",443.8,442.3,440.8,3,"Rhu","#A6DCB5","black"
"Roadian","Brown mesophotic",1,44,"international ages",273.01,269.955,266.9,6.11000000000001,"Ro","#FB8069","black"
"Roadian","Euphotic",8,44,"international ages",273.01,269.955,266.9,6.11000000000001,"Ro","#FB8069","black"
"Rupelian","Brown mesophotic",2,86,"international ages",33.9,30.86,27.82,6.08,"Ru","#FED99A","black"
"Rupelian","Euphotic",16,86,"international ages",33.9,30.86,27.82,6.08,"Ru","#FED99A","black"
"Sakmarian","Euphotic",4,41,"international ages",293.52,291.81,290.1,3.41999999999996,"Sak","#E36F5C","black"
"Sandbian","Euphotic",3,15,"international ages",458.4,455.7,453,5.39999999999998,"Sand","#8CD094","black"
"Santonian","Brown mesophotic",1,76,"international ages",86.3,84.95,83.6,2.7,"Sant","#D9EF74","black"
"Santonian","Euphotic",3,76,"international ages",86.3,84.95,83.6,2.7,"Sant","#D9EF74","black"
"Selandian","Euphotic",3,80,"international ages",61.6,60.4,59.2,2.4,"Sel","#FEBF65","black"
"Serpukhovian","Blue mesophotic",2,35,"international ages",330.9,327.05,323.2,7.69999999999999,"Serp","#BFC26B","black"
"Serpukhovian","Euphotic",2,35,"international ages",330.9,327.05,323.2,7.69999999999999,"Serp","#BFC26B","black"
"Serravallian","Brown mesophotic",8,91,"international ages",13.82,12.725,11.63,2.19,"Serr","#FFFF59","black"
"Serravallian","Euphotic",15,91,"international ages",13.82,12.725,11.63,2.19,"Serr","#FFFF59","black"
"Sheinwoodian","Blue mesophotic",1,21,"international ages",433.4,431.95,430.5,2.89999999999998,"Sh","#BFE6C3","black"
"Sheinwoodian","Brown mesophotic",3,21,"international ages",433.4,431.95,430.5,2.89999999999998,"Sh","#BFE6C3","black"
"Sheinwoodian","Euphotic",17,21,"international ages",433.4,431.95,430.5,2.89999999999998,"Sh","#BFE6C3","black"
"Sinemurian","Euphotic",4,57,"international ages",199.5,196.2,192.9,6.59999999999999,"Si","#67BCD8","black"
"Telychian","Blue mesophotic",4,20,"international ages",438.5,435.95,433.4,5.10000000000002,"Te","#BFE6CF","black"
"Telychian","Brown mesophotic",1,20,"international ages",438.5,435.95,433.4,5.10000000000002,"Te","#BFE6CF","black"
"Telychian","Euphotic",27,20,"international ages",438.5,435.95,433.4,5.10000000000002,"Te","#BFE6CF","black"
"Thanetian","Blue mesophotic",2,81,"international ages",59.2,57.6,56,3.2,"Th","#FDBF6F","black"
"Thanetian","Brown mesophotic",3,81,"international ages",59.2,57.6,56,3.2,"Th","#FDBF6F","black"
"Thanetian","Euphotic",11,81,"international ages",59.2,57.6,56,3.2,"Th","#FDBF6F","black"
"Tithonian","Brown mesophotic",3,66,"international ages",149.2,147.1,145,4.19999999999999,"Ti","#D9F1F7","black"
"Tithonian","Euphotic",25,66,"international ages",149.2,147.1,145,4.19999999999999,"Ti","#D9F1F7","black"
"Toarcian","Blue mesophotic",1,59,"international ages",184.2,179.45,174.7,9.5,"Toa","#99CEE3","black"
"Toarcian","Euphotic",7,59,"international ages",184.2,179.45,174.7,9.5,"Toa","#99CEE3","black"
"Tortonian","Brown mesophotic",20,92,"international ages",11.63,9.438,7.246,4.384,"Tor","#FFFF66","black"
"Tortonian","Euphotic",26,92,"international ages",11.63,9.438,7.246,4.384,"Tor","#FFFF66","black"
"Tournaisian","Euphotic",1,33,"international ages",358.9,352.8,346.7,12.2,"Tou","#8CB06C","black"
"Turonian","Blue mesophotic",1,74,"international ages",93.9,91.85,89.8,4.10000000000001,"Tu","#BFE35D","black"
"Turonian","Euphotic",5,74,"international ages",93.9,91.85,89.8,4.10000000000001,"Tu","#BFE35D","black"
"Valanginian","Blue mesophotic",2,68,"international ages",139.8,136.2,132.6,7.20000000000002,"Va","#99D36A","black"
"Valanginian","Euphotic",6,68,"international ages",139.8,136.2,132.6,7.20000000000002,"Va","#99D36A","black"
"Visean","Blue mesophotic",6,34,"international ages",346.7,338.8,330.9,15.8,"Vi","#A6B96C","black"
"Visean","Brown mesophotic",3,34,"international ages",346.7,338.8,330.9,15.8,"Vi","#A6B96C","black"
"Visean","Euphotic",24,34,"international ages",346.7,338.8,330.9,15.8,"Vi","#A6B96C","black"
"Wordian","Euphotic",4,45,"international ages",266.9,265.59,264.28,2.62,"Wo","#FB8D76","black"
"Wuchiapingian","Euphotic",2,47,"international ages",259.51,256.825,254.14,5.37,"Wuc","#FCB4A2","black"
"Ypresian","Blue mesophotic",1,82,"international ages",56,51.9,47.8,8.2,"Y","#FCA773","black"
"Ypresian","Brown mesophotic",2,82,"international ages",56,51.9,47.8,8.2,"Y","#FCA773","black"
"Ypresian","Euphotic",8,82,"international ages",56,51.9,47.8,8.2,"Y","#FCA773","black"
"Zanclean","Brown mesophotic",1,94,"international ages",5.333,4.4665,3.6,1.733,"Z","#FFFFB3","black"
"Zanclean","Euphotic",10,94,"international ages",5.333,4.4665,3.6,1.733,"Z","#FFFFB3","black"
